bank_txn_id,date,description,reference,amount
B-2026-001,21-07-2026,NEFT/Verma Solutions/PAYMENT,UTR42868828,6455.22
B-2026-002,24-07-2026,NEFT/Sharma Enterprises/PAYMENT,UTR89254563,6022.26
B-2026-003,01-07-2026,NEFT/Mehta & Co/PAYMENT,UTR77827638,5591.07
B-2026-004,07-07-2026,NEFT/Kapur Industries/PAYMENT,UTR39587039,36084.96
B-2026-005,09-07-2026,NEFT/Rahul Traders/PAYMENT,UTR31429110,40662.09
B-2026-006,09-07-2026,NEFT/Singh Corp/PAYMENT,UTR23718431,8618.5
B-2026-007,04-07-2026,NEFT/Singh Corp/PAYMENT,UTR91030736,18589.99
B-2026-008,24-07-2026,NEFT/Sharma Enterprises/PAYMENT,UTR60806024,23511.82
B-2026-009,10-07-2026,NEFT/Singh Corp/PAYMENT,UTR87490893,41640.83
B-2026-010,02-07-2026,NEFT/Verma Solutions/PAYMENT,UTR20709497,33401.9
B-2026-011,13-07-2026,NEFT/Singh Corp/PAYMENT,UTR31831063,14620.71
B-2026-012,07-07-2026,NEFT/Sharma Enterprises/PAYMENT,UTR91756179,33838.58
B-2026-013,24-07-2026,NEFT/Reddy Tech/PAYMENT,UTR60929647,12995.74
B-2026-014,08-07-2026,NEFT/Rahul Traders/PAYMENT,UTR40742311,34546.1
B-2026-015,13-07-2026,NEFT/Mehta & Co/PAYMENT,UTR86125617,14119.3
B-2026-016,21-07-2026,NEFT/Reddy Tech/PAYMENT,UTR29175900,25462.33
B-2026-017,08-07-2026,NEFT/Verma Solutions/PAYMENT,UTR88461803,37504.46
B-2026-018,13-07-2026,NEFT/Gupta Logistics/PAYMENT,UTR78387461,18737.83
B-2026-019,25-07-2026,NEFT/Sharma Enterprises/PAYMENT,UTR30514014,3308.7
B-2026-020,20-07-2026,NEFT/Kapur Industries/PAYMENT,UTR89978790,4112.86
B-2026-021,09-07-2026,NEFT/Rahul Traders/PAYMENT,UTR25374874,48582.84
B-2026-022,25-07-2026,NEFT/Sharma Enterprises/PAYMENT,UTR49392920,32407.13
B-2026-023,15-07-2026,NEFT/Verma Solutions/PAYMENT,UTR77187530,1159.02
B-2026-024,30-07-2026,NEFT/Verma Solutions/PAYMENT,UTR95758349,6214.13
B-2026-025,07-07-2026,NEFT/Gupta Logistics/PAYMENT,UTR82394227,8489.12
B-2026-026,20-07-2026,NEFT/Rahul Traders/PAYMENT,UTR25014631,16883.65
B-2026-027,08-07-2026,NEFT/Sharma Enterprises/PAYMENT,UTR21496211,3838.33
B-2026-028,25-07-2026,NEFT/Gupta Logistics/PAYMENT,UTR27232410,27102.6
B-2026-029,06-07-2026,NEFT/Kapur Industries/PAYMENT,UTR38427073,13987.77
B-2026-030,23-07-2026,NEFT/Singh Corp/PAYMENT,UTR68800797,16274.1
B-2026-031,04-07-2026,NEFT/Sharma Enterprises/PAYMENT,UTR55377076,13147.38
B-2026-032,18-07-2026,NEFT/Mehta & Co/PAYMENT,UTR10965138,12275.62
B-2026-033,08-07-2026,NEFT/Rahul Traders/PAYMENT,UTR54349361,4302.62
B-2026-034,08-07-2026,NEFT/Reddy Tech/PAYMENT,UTR38754377,14645.39
B-2026-035,24-07-2026,NEFT/Reddy Tech/PAYMENT,UTR42614537,46840.2
B-2026-036,07-07-2026,NEFT/Kapur Industries/PAYMENT,UTR57553014,5621.96
B-2026-037,15-07-2026,NEFT/Rahul Traders/PAYMENT,UTR97705310,43328.0
B-2026-038,13-07-2026,NEFT/Sharma Enterprises/PAYMENT,UTR43374088,36682.47
B-2026-039,18-07-2026,NEFT/Kapur Industries/PAYMENT,UTR34627347,22982.06
B-2026-040,08-07-2026,NEFT/Sharma Enterprises/PAYMENT,UTR69476001,43849.81
B-2026-041,21-07-2026,NEFT/Rahul Traders/PAYMENT,UTR22517517,49964.84
B-2026-042,14-07-2026,NEFT/Mehta & Co/PAYMENT,UTR63826716,24796.42
B-2026-043,13-07-2026,NEFT/Kapur Industries/PAYMENT,UTR45594951,1105.61
B-2026-044,14-07-2026,NEFT/Reddy Tech/PAYMENT,UTR30776478,35132.98
B-2026-045,07-07-2026,NEFT/Rahul Traders/PAYMENT,UTR52091325,48466.76
B-2026-046,23-07-2026,UPI/GUPTALOGISTICS/TRANSFER,UPI17634247,12542.76
B-2026-047,30-07-2026,UPI/SHARMAENTERPRISES/TRANSFER,UPI41568532,6027.82
B-2026-048,02-08-2026,UPI/RAHULTRADERS/TRANSFER,UPI93131979,13683.79
B-2026-049,25-07-2026,UPI/MEHTA&CO/TRANSFER,UPI99889098,19020.59
B-2026-050,13-07-2026,UPI/VERMASOLUTIONS/TRANSFER,UPI71367643,6963.17
B-2026-051,05-07-2026,UPI/SHARMAENTERPRISES/TRANSFER,UPI19832887,14317.39
B-2026-052,20-07-2026,UPI/SINGHCORP/TRANSFER,UPI19233013,6986.85
B-2026-053,12-07-2026,UPI/VERMASOLUTIONS/TRANSFER,UPI92097999,11572.77
B-2026-054,25-07-2026,UPI/SHARMAENTERPRISES/TRANSFER,UPI28024248,18976.34
B-2026-055,30-07-2026,UPI/GUPTALOGISTICS/TRANSFER,UPI46553958,16136.25
B-2026-056,07-07-2026,IMPS/Verma Solutions,IMPS77834855,21917.02
B-2026-057,29-07-2026,IMPS/Sharma Enterprises,IMPS95132217,25346.86
B-2026-058,02-07-2026,IMPS/Verma Solutions,IMPS31687165,9063.82
B-2026-059,23-07-2026,IMPS/Sharma Enterprises,IMPS20099059,16698.37
B-2026-060,02-07-2026,IMPS/Kapur Industries,IMPS27105448,24022.71
B-2026-061,12-07-2026,RTGS/Rahul Traders,RTGS58024342,7393.89
B-2026-062,13-07-2026,RTGS/Rahul Traders/DUP,RTGS38195995,7393.89
B-2026-063,12-07-2026,RTGS/Kapur Industries,RTGS93303777,6680.7
B-2026-064,13-07-2026,RTGS/Kapur Industries/DUP,RTGS30743797,6680.7
B-2026-065,26-07-2026,RTGS/Kapur Industries,RTGS13326769,6864.63
B-2026-066,27-07-2026,RTGS/Kapur Industries/DUP,RTGS34073380,6864.63
B-2026-067,26-07-2026,RTGS/Mehta & Co,RTGS45810056,6019.44
B-2026-068,27-07-2026,RTGS/Mehta & Co/DUP,RTGS31367172,6019.44
B-2026-069,28-07-2026,UPI/Reddy Tech/NO-INV,UPI39854548,1154.9
B-2026-070,07-07-2026,UPI/Reddy Tech/NO-GL,UPI56930359,4266.35
B-2026-071,08-07-2026,UPI/Mehta & Co/NO-INV,UPI63481198,1094.66
B-2026-072,11-07-2026,UPI/Sharma Enterprises/NO-GL,UPI47463522,2114.41
B-2026-073,13-07-2026,NEFT/RAMESH KUMAR/PAYMENT,UTR13704481,11795.18
B-2026-074,06-07-2026,NEFT/RAMESH KUMAR/PAYMENT,UTR15134794,10805.9
B-2026-075,14-07-2026,NEFT/RAMESH KUMAR/PAYMENT,UTR68571795,8456.87
B-2026-076,13-07-2026,NEFT/RAMESH KUMAR/PAYMENT,UTR44188276,13995.05
